﻿<?xml version="1.0" encoding="UTF-8"?>
<Object>
   <Slide1>
	  <!-- Tamaño de la imagen de presentación 250x210 px -->
      <Image>resources/pantalla1.jpg</Image>
      <Text>Conceptualización Llaves primarias y Llaves foráneas</Text>	  
   </Slide1>
    <Slide2>
	  <!-- Tamaño de la imagen de presentación 397x253 px -->	  
      <Image>resources/pantalla2.jpg</Image>
      <Text>Reforzar el concepto de llaves primarias y llaves foráneas</Text>	  
   </Slide2>
   <Slide3>
      <Text1>Introducción</Text1>
	<Text2>Una llave primaria es un campo único, irrepetible que sirve para identificar los registros de una tabla como distintos, además de que sirve para hacer relaciones 1:1, 1:M , M:M (uno a uno, uno a muchos, muchos a muchos) entre tablas, sin las llaves primaria las bases de datos relacionales no tendrían sentido y siempre existiría información repetida. Las llaves foráneas y las llaves primarias deben ser del mismo tipo para poder enlazarse. Si modificamos una, debemos modificar la otra para que los valores se correspondan. Cuando alteramos una tabla, debemos tener cuidado con las claves foráneas. Si modificamos el tipo, longitud o atributos de una clave foránea, ésta puede quedar inhabilitada para hacer los enlaces.</Text2>
   </Slide3>
   <Slide4>
   <Text1>Con tus propios conocimientos, construye la definición sobre “Llaves primarias y llaves foráneas"</Text1>
		<Text2>Escribe aquí tu definición</Text2>
		</Slide4>
	<Slide5>
		<Text1>Ahora lee y compara la siguiente definición con la tuya</Text1>
		<Text2>Tu definición</Text2>
		<ExternalRead>resources/info.txt</ExternalRead>
	</Slide5>
	<Slide6>
		<Text1>Habiendo comparado las definiciones, reconstruye tu concepto</Text1>
		<Text2>Escribe aquí tu definición</Text2>
	</Slide6>                   
</Object>